{"count":1,"self":8.3642104,"total":8.3961484999999989,"children":{"InitializeActuators":{"count":1,"self":0.0019947999999999997,"total":0.0019947999999999997,"children":null},"InitializeSensors":{"count":1,"self":0.0039575999999999995,"total":0.0039575999999999995,"children":null},"AgentSendState":{"count":174,"self":0.005985,"total":0.0200223,"children":{"CollectObservations":{"count":35,"self":0.0009962,"total":0.0009962,"children":null},"WriteActionMask":{"count":35,"self":0,"total":0,"children":null},"RequestDecision":{"count":35,"self":0.012046,"total":0.0130411,"children":{"RayPerceptionSensor.Perceive":{"count":35,"self":0.00099509999999999985,"total":0.00099509999999999985,"children":null}}}}},"DecideAction":{"count":174,"self":0.0029695999999999998,"total":0.0029695999999999998,"children":null},"AgentAct":{"count":174,"self":0.0019971999999999998,"total":0.0019971999999999998,"children":null}},"gauges":{},"metadata":{"timer_format_version":"0.1.0","start_time_seconds":"1629444772","unity_version":"2021.1.16f1","command_line_arguments":"C:\\Program Files\\Unity\\Hub\\Editor\\2021.1.16f1\\Editor\\Unity.exe -projectpath D:\/Github\/MLAgentRacingProject -useHub -hubIPC -cloudEnvironment production -hubSessionId 9fd6a380-0153-11ec-8264-b7228f1e58d0 -accessToken MTxCFewnmjnl6rcIb8wBtx2dabJeN0gTOrL1Bv5qZ8Y00df","communication_protocol_version":"1.5.0","com.unity.ml-agents_version":"2.1.0-exp.1","scene_name":"MainScene","end_time_seconds":"1629444781"}}